x,predicted,std.error,conf.low,conf.high,group,facet,group_col,outcome,modifier
0,29.411096738165686,0.03439684872544812,28.974043335980912,29.84815014035046,historical,Female,historical,bmi,sex
0,29.461289450348055,0.041710976101206144,28.93130124826044,29.99127765243567,historical,Male,historical,bmi,sex
0,29.607588046526622,0.018040517267559817,29.378361540578513,29.83681455247473,unexposed,Female,unexposed,bmi,sex
0,29.61434912028617,0.0200595458730805,29.359468423508122,29.86922981706422,unexposed,Male,unexposed,bmi,sex
0,29.77126394719918,0.03300088065419566,29.351948001132904,30.190579893265458,exposed,Female,exposed,bmi,sex
0,29.545914790231837,0.04320877265518503,28.99689527847623,30.094934301987443,exposed,Male,exposed,bmi,sex
50,29.43496432791768,0.03159517256642461,29.033509596613918,29.83641905922144,historical,Female,historical,bmi,sex
50,29.462000721025966,0.0375064919918716,28.985435554841548,29.938565887210384,historical,Male,historical,bmi,sex
50,29.592320425558157,0.016045753274080008,29.388439799311552,29.79620105180476,unexposed,Female,unexposed,bmi,sex
50,29.59134688294795,0.017384457804372366,29.370456402858203,29.812237363037696,unexposed,Male,unexposed,bmi,sex
50,29.761043427416876,0.027562724097203874,29.410825811951106,30.111261042882646,exposed,Female,exposed,bmi,sex
50,29.559542499426925,0.03474435855392382,29.118073566213706,30.001011432640144,exposed,Male,exposed,bmi,sex
100,29.458831917669674,0.02928191938771235,29.086769854861238,29.83089398047811,historical,Female,historical,bmi,sex
100,29.462711991703873,0.033942477777123496,29.031431919814683,29.893992063593064,historical,Male,historical,bmi,sex
100,29.577052804589695,0.014779959239188203,29.389255616504254,29.764849992675135,unexposed,Female,unexposed,bmi,sex
100,29.568344645609727,0.01565027592499719,29.36948903552909,29.767200255690366,unexposed,Male,unexposed,bmi,sex
100,29.75082290763457,0.024030851075484028,29.445481993884947,30.056163821384196,exposed,Female,exposed,bmi,sex
100,29.573170208622013,0.02885785297509999,29.206496420473965,29.939843996770062,exposed,Male,exposed,bmi,sex
150,29.482699507421668,0.027580261471210864,29.132259058491233,29.833139956352102,historical,Female,historical,bmi,sex
150,29.463423262381784,0.03123891956611123,29.06649515463788,29.860351370125688,historical,Male,historical,bmi,sex
150,29.56178518362123,0.014436178657088301,29.37835614199627,29.745214225246187,unexposed,Female,unexposed,bmi,sex
150,29.54534240827151,0.015182907190780326,29.352425281015115,29.738259535527902,unexposed,Male,unexposed,bmi,sex
150,29.740602387852263,0.023289316332022015,29.444683566372053,30.036521209332474,exposed,Female,exposed,bmi,sex
150,29.586797917817098,0.027272948417691543,29.240262251462777,29.933333584171418,exposed,Male,exposed,bmi,sex
200,29.50656709717366,0.026607799399382417,29.168482950426043,29.84465124392128,historical,Female,historical,bmi,sex
200,29.464134533059692,0.02963227692160469,29.087620755694758,29.840648310424626,historical,Male,historical,bmi,sex
200,29.546517562652767,0.015077611729135562,29.35493834108982,29.738096784215713,unexposed,Female,unexposed,bmi,sex
200,29.522340170933287,0.016093103363177368,29.317857904760334,29.72682243710624,unexposed,Male,unexposed,bmi,sex
200,29.73038186806996,0.025581929463222117,29.40533263476388,30.055431101376037,exposed,Female,exposed,bmi,sex
200,29.600425627012182,0.03066405978516792,29.21080180533954,29.990049448684825,exposed,Male,exposed,bmi,sex
250,29.530434686925656,0.026445099757814013,29.194417835134306,29.866451538717005,historical,Female,historical,bmi,sex
250,29.464845803737603,0.02930353250638254,29.092509120218356,29.83718248725685,historical,Male,historical,bmi,sex
250,29.5312499416843,0.01659037548754251,29.320449234089573,29.74205064927903,unexposed,Female,unexposed,bmi,sex
250,29.499337933595065,0.018175066762208383,29.268401814220802,29.730274052969328,unexposed,Male,unexposed,bmi,sex
250,29.720161348287654,0.030225988535645038,29.33610374960048,30.10421894697483,exposed,Female,exposed,bmi,sex
250,29.614053336207277,0.03771191084624795,29.134878076002483,30.09322859641207,exposed,Male,exposed,bmi,sex
300,29.55430227667765,0.027106747495581916,29.209878393266994,29.898726160088305,historical,Female,historical,bmi,sex
300,29.46555707441551,0.030294316975958108,29.080631280576416,29.850482868254606,historical,Male,historical,bmi,sex
300,29.51598232071584,0.018764908854258473,29.277551546957973,29.754413094473705,unexposed,Female,unexposed,bmi,sex
300,29.476335696256843,0.021084494270015394,29.208431795303326,29.74423959721036,unexposed,Male,unexposed,bmi,sex
300,29.70994082850535,0.036330676554394176,29.248315814001476,30.171565843009223,exposed,Female,exposed,bmi,sex
300,29.627681045402362,0.046792357141899416,29.033127775469183,30.22223431533554,exposed,Male,exposed,bmi,sex
350,29.578169866429644,0.02853545802406688,29.21559249453533,29.940747238323958,historical,Female,historical,bmi,sex
350,29.46626834509342,0.032484114681183555,29.053518533280926,29.879018156905918,historical,Male,historical,bmi,sex
350,29.500714699747373,0.021400423171692017,29.22879654148708,29.77263285800767,unexposed,Female,unexposed,bmi,sex
350,29.45333345891862,0.024528687618636486,29.14166693212655,29.76499998571069,unexposed,Male,unexposed,bmi,sex
350,29.699720308723045,0.04328230750422694,29.149766448120268,30.24967416932582,exposed,Female,exposed,bmi,sex
350,29.64130875459745,0.05694114473882211,28.91780291163382,30.36481459756108,exposed,Male,exposed,bmi,sex
400,29.602037456181638,0.030624061059285883,29.212921866509237,29.991153045854038,historical,Female,historical,bmi,sex
400,29.466979615771333,0.03565267471163974,29.013969431493,29.919989800049667,historical,Male,historical,bmi,sex
400,29.48544707877891,0.02434767918455978,29.176080482209194,29.794813675348628,unexposed,Female,unexposed,bmi,sex
400,29.430331221580406,0.02831315780377999,29.070578441797956,29.790084001362857,unexposed,Male,unexposed,bmi,sex
400,29.68949978894074,0.05073391996414528,29.04486421480761,30.33413536307387,exposed,Female,exposed,bmi,sex
400,29.65493646379254,0.06767936207953369,28.79498863279629,30.514884294788793,exposed,Male,exposed,bmi,sex
450,29.62590504593363,0.03324842873201678,29.203443703308512,30.04836638855875,historical,Female,historical,bmi,sex
450,29.46769088644924,0.03956554262816272,28.964963001317958,29.970418771580523,historical,Male,historical,bmi,sex
450,29.470179457810445,0.027506652169046117,29.1206743037438,29.81968461187709,unexposed,Female,unexposed,bmi,sex
450,29.40732898424218,0.032318586977304636,28.99668240132468,29.81797556715968,unexposed,Male,unexposed,bmi,sex
450,29.67927926915843,0.058494747926745756,28.93603302601027,30.422525512306592,exposed,Female,exposed,bmi,sex
450,29.668564172987622,0.07876630592372898,28.66774336360855,30.669384982366694,exposed,Male,exposed,bmi,sex
500,29.649772635685625,0.036292520672979896,29.18863243762289,30.110912833748362,historical,Female,historical,bmi,sex
500,29.46840215712715,0.04402470391406603,28.909015255745558,30.027789058508745,historical,Male,historical,bmi,sex
500,29.45491183684198,0.030812293123872216,29.06340453201903,29.846419141664928,unexposed,Female,unexposed,bmi,sex
500,29.38432674690396,0.036472249648962146,28.92090287567537,29.847750618132547,unexposed,Male,unexposed,bmi,sex
500,29.669058749376127,0.0664565485347091,28.824648237634584,30.51346926111767,exposed,Female,exposed,bmi,sex
500,29.68219188218271,0.09007329602218975,28.5377021416627,30.826681622702722,exposed,Male,exposed,bmi,sex
550,29.67364022543762,0.0396598064381924,29.169714605036887,30.177565845838352,historical,Female,historical,bmi,sex
550,29.46911342780506,0.04888087957345544,28.848022964260434,30.090203891349685,historical,Male,historical,bmi,sex
550,29.439644215873518,0.034222126814122004,29.00481086606595,29.874477565681087,unexposed,Female,unexposed,bmi,sex
550,29.361324509565737,0.040728818980687316,28.843815796934525,29.87883322219695,unexposed,Male,unexposed,bmi,sex
550,29.658838229593822,0.07455496334467714,28.711527601238355,30.60614885794929,exposed,Female,exposed,bmi,sex
550,29.6958195913778,0.10152683967200143,28.405798780288563,30.985840402467034,exposed,Male,exposed,bmi,sex
600,29.697507815189613,0.04327490708131729,29.14764798587546,30.24736764450377,historical,Female,historical,bmi,sex
600,29.46982469848297,0.054027119698549335,28.783345054287384,30.156304342678556,historical,Male,historical,bmi,sex
600,29.424376594905056,0.03770789813739507,28.945252321000492,29.90350086880962,unexposed,Female,unexposed,bmi,sex
600,29.338322272227515,0.04505914077660306,28.76579160428388,29.91085294017115,unexposed,Male,unexposed,bmi,sex
600,29.648617709811518,0.08274989234768554,28.59718063574541,30.700054783877626,exposed,Female,exposed,bmi,sex
600,29.709447300572887,0.11308241464224342,28.272598988067543,31.14629561307823,exposed,Male,exposed,bmi,sex
650,29.721375404941607,0.047080771715679696,29.12315748038508,30.319593329498137,historical,Female,historical,bmi,sex
650,29.470535969160878,0.05938806597171993,28.715939044038755,30.225132894283,historical,Male,historical,bmi,sex
650,29.409108973936593,0.041250360753893614,28.884973444756554,29.933244503116633,unexposed,Female,unexposed,bmi,sex
650,29.315320034889297,0.049443840974873976,28.687076468519685,29.94356360125891,unexposed,Male,unexposed,bmi,sex
650,29.638397190029213,0.09101526913561443,28.481938546274055,30.79485583378437,exposed,Female,exposed,bmi,sex
650,29.723075009767975,0.12471166200042785,28.13846309940192,31.307686920134028,exposed,Male,exposed,bmi,sex
700,29.745242994693605,0.051034740070434244,29.096785138701208,30.393700850686002,historical,Female,historical,bmi,sex
700,29.47124723983879,0.06491054258511933,28.646480596216076,30.2960138834615,historical,Male,historical,bmi,sex
700,29.393841352968128,0.044836079275963246,28.82414495012038,29.963537755815874,unexposed,Female,unexposed,bmi,sex
700,29.292317797551075,0.05386964288010719,28.60783908605182,29.97679650905033,unexposed,Male,unexposed,bmi,sex
700,29.62817667024691,0.0993335097343817,28.366024758399053,30.890328582094764,exposed,Female,exposed,bmi,sex
700,29.73670271896306,0.13639573888707213,28.003630535522095,31.469774902404023,exposed,Male,exposed,bmi,sex
0,29.258619874073926,0.0540697273429222,28.571598848425612,29.94564089972224,historical,18 to 39,historical,bmi,age
0,29.511103884088698,0.03946338355797349,29.009674053018898,30.012533715158497,historical,65 plus,historical,bmi,age
0,29.473602394995336,0.04994321123299519,28.83901372788688,30.108191062103792,historical,40 to 64,historical,bmi,age
0,29.233826996386906,0.03549498867455481,28.78282040317981,29.684833589594003,unexposed,18 to 39,unexposed,bmi,age
0,29.689239778807103,0.020187379324719305,29.4327348040204,29.945744753593807,unexposed,65 plus,unexposed,bmi,age
0,29.73419789949866,0.027796713167590914,29.381007170998526,30.087388627998795,unexposed,40 to 64,unexposed,bmi,age
0,29.55714654225993,0.05162983705121794,28.901127262191817,30.21316582232804,exposed,18 to 39,exposed,bmi,age
0,29.604064259494958,0.03961447694743093,29.100714604884427,30.10741391410549,exposed,65 plus,exposed,bmi,age
0,29.77564619975469,0.0528241216136123,29.10445209552354,30.446840303985837,exposed,40 to 64,exposed,bmi,age
50,29.304851652641787,0.04964063227106987,28.674107615772414,29.93559568951116,historical,18 to 39,historical,bmi,age
50,29.504364072486904,0.03576126207008105,29.049974155000456,29.958753989973353,historical,65 plus,historical,bmi,age
50,29.483801669906242,0.04636740395725814,28.894647942140402,30.072955397672082,historical,40 to 64,historical,bmi,age
50,29.269831124444902,0.032918763568271725,28.851558574884713,29.68810367400509,unexposed,18 to 39,unexposed,bmi,age
50,29.642859892029403,0.017322643864781103,29.422754832511654,29.862964951547152,unexposed,65 plus,unexposed,bmi,age
50,29.71189226334984,0.02627547478625431,29.378030701175494,30.045753825524184,unexposed,40 to 64,unexposed,bmi,age
50,29.585804566052186,0.04458699296790216,29.01927310483164,30.15233602727273,exposed,18 to 39,exposed,bmi,age
50,29.58156354584597,0.03198959661907072,29.175097181776415,29.988029909915525,exposed,65 plus,exposed,bmi,age
50,29.772274495829993,0.04543464194553527,29.19497263315523,30.349576358504756,exposed,40 to 64,exposed,bmi,age
100,29.351083431209652,0.045995374597753665,28.766656784653545,29.93551007776576,historical,18 to 39,historical,bmi,age
100,29.497624260885107,0.03264629471457724,29.082813756364192,29.912434765406022,historical,65 plus,historical,bmi,age
100,29.494000944817156,0.043422692015232515,28.942263329875754,30.045738559758558,historical,40 to 64,historical,bmi,age
100,29.30583525250289,0.03137716288472011,28.907150596849338,29.704519908156445,unexposed,18 to 39,unexposed,bmi,age
100,29.596480005251696,0.015393998770654756,29.400880705163335,29.792079305340057,unexposed,65 plus,unexposed,bmi,age
100,29.689586627201017,0.025415808406758406,29.366648162049355,30.01252509235268,unexposed,40 to 64,unexposed,bmi,age
100,29.614462589844443,0.04020279327486259,29.10363766752793,30.125287512160956,exposed,18 to 39,exposed,bmi,age
100,29.559062832196982,0.026651647292784943,29.220421545138542,29.897704119255422,exposed,65 plus,exposed,bmi,age
100,29.768902791905298,0.040808418933760575,29.250382665973348,30.287422917837247,exposed,40 to 64,exposed,bmi,age
150,29.397315209777513,0.04333222532118851,28.84672708317244,29.947903336382588,historical,18 to 39,historical,bmi,age
150,29.49088444928331,0.030300110941740482,29.10588503612875,29.87588386243787,historical,65 plus,historical,bmi,age
150,29.504200219728062,0.04124447168538009,28.980139518258262,30.028260921197862,historical,40 to 64,historical,bmi,age
150,29.341839380560888,0.03102480118386292,28.94763190481961,29.736046856302167,unexposed,18 to 39,unexposed,bmi,age
150,29.550100118473992,0.014772742028978597,29.362394633739097,29.737805603208887,unexposed,65 plus,unexposed,bmi,age
150,29.66728099105219,0.025285282045079356,29.346001020575493,29.98856096152889,unexposed,40 to 64,unexposed,bmi,age
150,29.6431206136367,0.03937555091017842,29.142806802172302,30.1434344251011,exposed,18 to 39,exposed,bmi,age
150,29.53656211854799,0.025104478057171142,29.21757948055877,29.855544756537213,exposed,65 plus,exposed,bmi,age
150,29.765531087980598,0.039918027577933377,29.258324456911108,30.272737719050088,exposed,40 to 64,exposed,bmi,age
200,29.44354698834538,0.04183914641776632,28.911930227974448,29.97516374871631,historical,18 to 39,historical,bmi,age
200,29.484144637681514,0.028910488724981195,29.116802048919034,29.851487226443993,historical,65 plus,historical,bmi,age
200,29.514399494638972,0.0399582899784852,29.006681281264903,30.02211770801304,historical,40 to 64,historical,bmi,age
200,29.377843508618877,0.03190110982827512,28.97250147582962,29.783185541408134,unexposed,18 to 39,unexposed,bmi,age
200,29.50372023169628,0.015615700982585776,29.30530393791266,29.7021365254799,unexposed,65 plus,unexposed,bmi,age
200,29.64497535490337,0.025894923993585624,29.31594914901319,29.97400156079355,unexposed,40 to 64,unexposed,bmi,age
200,29.671778637428957,0.042314397184125246,29.13412324351965,30.209434031338265,exposed,18 to 39,exposed,bmi,age
200,29.514061404899,0.02798406398582576,29.158490158544886,29.869632651253113,exposed,65 plus,exposed,bmi,age
200,29.76215938405589,0.04299618934553407,29.215840999356203,30.30847776875558,exposed,40 to 64,exposed,bmi,age
250,29.489778766913243,0.0416421871355335,28.960664611507056,30.01889292231943,historical,18 to 39,historical,bmi,age
250,29.47740482607972,0.02861711837864675,29.113789861001287,29.841019791158153,historical,65 plus,historical,bmi,age
250,29.52459876954988,0.03965104868784046,29.020784426918148,30.02841311218161,historical,40 to 64,historical,bmi,age
250,29.413847636676874,0.0339109703492336,28.982967904617162,29.844727368736585,unexposed,18 to 39,unexposed,bmi,age
250,29.45734034491858,0.01771507348331529,29.232248994323196,29.682431695513966,unexposed,65 plus,unexposed,bmi,age
250,29.622669718754548,0.02719500172039227,29.27712445909462,29.968214978414476,unexposed,40 to 64,unexposed,bmi,age
250,29.700436661221215,0.04833722360488756,29.086254001719258,30.31461932072317,exposed,18 to 39,exposed,bmi,age
250,29.491560691250015,0.034189608938073865,29.0571405202331,29.92598086226693,exposed,65 plus,exposed,bmi,age
250,29.758787680131196,0.049305143478610966,29.132306432545498,30.385268927716893,exposed,40 to 64,exposed,bmi,age
300,29.536010545481105,0.0427592619285783,28.99270260904887,30.07931848191334,historical,18 to 39,historical,bmi,age
300,29.470665014477923,0.02945277645693917,29.09643200676727,29.844898022188577,historical,65 plus,historical,bmi,age
300,29.534798044460793,0.040345118871165625,29.022164703978458,30.047431384943128,historical,40 to 64,historical,bmi,age
300,29.449851764734863,0.03686946695778246,28.98138076905565,29.918322760414075,unexposed,18 to 39,unexposed,bmi,age
300,29.410960458140874,0.020691907623028315,29.148044843500664,29.673876072781084,unexposed,65 plus,unexposed,bmi,age
300,29.600364082605726,0.029093101895722652,29.230701173508283,29.97002699170317,unexposed,40 to 64,unexposed,bmi,age
300,29.72909468501347,0.056465661598878225,29.011630428174566,30.446558941852377,exposed,18 to 39,exposed,bmi,age
300,29.469059977601024,0.04228119422449984,28.931826467294563,30.006293487907485,exposed,65 plus,exposed,bmi,age
300,29.7554159762065,0.057796397390675075,29.02104311794727,30.48978883446573,exposed,40 to 64,exposed,bmi,age
350,29.582242324048966,0.04509281945837058,29.00928372787955,30.155200920218384,historical,18 to 39,historical,bmi,age
350,29.46392520287613,0.03132724195476053,29.06587485277926,29.861975552973,historical,65 plus,historical,bmi,age
350,29.5449973193717,0.04199087760518556,29.011452631468558,30.07854200727484,historical,40 to 64,historical,bmi,age
350,29.48585589279286,0.040569592793727974,28.970370340692515,30.001341444893203,unexposed,18 to 39,unexposed,bmi,age
350,29.364580571363174,0.024224858201020754,29.056774563356203,29.672386579370144,unexposed,65 plus,unexposed,bmi,age
350,29.578058446456904,0.03148123991620818,29.178051366732927,29.97806552618088,unexposed,40 to 64,unexposed,bmi,age
350,29.75775270880573,0.06592540838679951,28.920090972527127,30.59541444508433,exposed,18 to 39,exposed,bmi,age
350,29.446559263952036,0.05137526558858031,28.793774621008183,30.09934390689589,exposed,65 plus,exposed,bmi,age
350,29.7520442722818,0.06765317015425278,28.8924292412506,30.611659303313,exposed,40 to 64,exposed,bmi,age
400,29.62847410261683,0.04846746751704808,29.012636537301322,30.24431166793234,historical,18 to 39,historical,bmi,age
400,29.45718539127433,0.0340694820434142,29.02429157717528,29.89007920537338,historical,65 plus,historical,bmi,age
400,29.55519659428261,0.04448281935782699,28.989988784279785,30.120404404285434,historical,40 to 64,historical,bmi,age
400,29.52186002085085,0.044828079449383995,28.95226526543747,30.091454776264225,unexposed,18 to 39,unexposed,bmi,age
400,29.318200684585467,0.028104981228567572,28.961093038988942,29.67530833018199,unexposed,65 plus,unexposed,bmi,age
400,29.55575281030808,0.034257083717284295,29.12047529093199,29.99103032968417,unexposed,40 to 64,unexposed,bmi,age
400,29.78641073259799,0.07622239027563162,28.8179134362752,30.754908028920777,exposed,18 to 39,exposed,bmi,age
400,29.424058550303048,0.06102528121262752,28.648658833132767,30.19945826747333,exposed,65 plus,exposed,bmi,age
400,29.748672568357104,0.07836185816572212,28.752990754996357,30.74435438171785,exposed,40 to 64,exposed,bmi,age
450,29.674705881184696,0.052683523070401105,29.005298250829195,30.344113511540197,historical,18 to 39,historical,bmi,age
450,29.450445579672536,0.03748955315372096,28.974095641833653,29.92679551751142,historical,65 plus,historical,bmi,age
450,29.565395869193516,0.047688477273138664,28.9594563134046,30.17133542498243,historical,40 to 64,historical,bmi,age
450,29.557864148908845,0.04950103167374537,28.92889390581037,30.18683439200732,unexposed,18 to 39,unexposed,bmi,age
450,29.271820797807763,0.032207044044364946,28.862591502233066,29.68105009338246,unexposed,65 plus,unexposed,bmi,age
450,29.533447174159257,0.037334254142387564,29.0590704973537,30.00782385096481,unexposed,40 to 64,unexposed,bmi,age
450,29.815068756390243,0.08706004172346946,28.70886604191193,30.921271470868557,exposed,18 to 39,exposed,bmi,age
450,29.40155783665406,0.07100493281032808,28.499354623087704,30.303761050220416,exposed,65 plus,exposed,bmi,age
450,29.7453008644324,0.08961758589213531,28.60660147012521,30.884000258739594,exposed,40 to 64,exposed,bmi,age
500,29.720937659752558,0.057556380649631984,28.98961450334513,30.452260816159985,historical,18 to 39,historical,bmi,age
500,29.44370576807074,0.04141988719648511,28.91741620120294,29.969995334938538,historical,65 plus,historical,bmi,age
500,29.57559514410443,0.0514746805903879,28.921547313793763,30.229642974415096,historical,40 to 64,historical,bmi,age
500,29.593868276966838,0.054481906614797224,28.901610017102072,30.286126536831603,unexposed,18 to 39,unexposed,bmi,age
500,29.22544091103006,0.0364562052812979,28.762220902821873,29.688660919238245,unexposed,65 plus,unexposed,bmi,age
500,29.51114153801044,0.040644368728373,28.994705867575156,30.02757720844572,unexposed,40 to 64,unexposed,bmi,age
500,29.843726780182504,0.09825962409683302,28.59521987910858,31.092233681256428,exposed,18 to 39,exposed,bmi,age
500,29.37905712300507,0.08119276152006394,28.34740527203573,30.41070897397441,exposed,65 plus,exposed,bmi,age
500,29.741929160507706,0.10123805652899888,28.45557768715782,31.02828063385759,exposed,40 to 64,exposed,bmi,age
550,29.76716943832042,0.06293365918682658,28.967521479895957,30.56681739674488,historical,18 to 39,historical,bmi,age
550,29.436965956468946,0.04572910436273776,28.8559225940341,30.01800931890379,historical,65 plus,historical,bmi,age
550,29.585794419015336,0.05572321643423372,28.87776382244379,30.293825015586883,historical,40 to 64,historical,bmi,age
550,29.62987240502483,0.05969367422076907,28.871392358921224,30.388352451128437,unexposed,18 to 39,unexposed,bmi,age
550,29.179061024252356,0.04080653896335187,28.660564785609317,29.697557262895394,unexposed,65 plus,unexposed,bmi,age
550,29.488835901861613,0.04413504634291998,28.928046966987914,30.049624836735312,unexposed,40 to 64,unexposed,bmi,age
550,29.872384803974757,0.10971035214421082,28.478382607952593,31.26638699999692,exposed,18 to 39,exposed,bmi,age
550,29.356556409356077,0.09151927155875182,28.193693807625007,30.519419011087148,exposed,65 plus,exposed,bmi,age
550,29.738557456583003,0.113110910088675,28.30134707510125,31.175767838064754,exposed,40 to 64,exposed,bmi,age
600,29.813401216888284,0.06869700953159764,28.94052294901686,30.68627948475971,historical,18 to 39,historical,bmi,age
600,29.43022614486715,0.05031996012529726,28.790850429198976,30.06960186053532,historical,65 plus,historical,bmi,age
600,29.595993693926246,0.06033649963589746,28.829345776488402,30.36264161136409,historical,40 to 64,historical,bmi,age
600,29.665876533082823,0.06508088749810209,28.838945452119987,30.49280761404566,unexposed,18 to 39,unexposed,bmi,age
600,29.132681137474652,0.045228860720141074,28.55799397318061,29.707368301768692,unexposed,65 plus,unexposed,bmi,age
600,29.46653026571279,0.047766718031069084,28.8595965668349,30.073463964590683,unexposed,40 to 64,unexposed,bmi,age
600,29.901042827767018,0.1213411462973698,28.35925737999051,31.442828275543526,exposed,18 to 39,exposed,bmi,age
600,29.334055695707093,0.1019423273894165,28.038755612615017,30.62935577879917,exposed,65 plus,exposed,bmi,age
600,29.735185752658307,0.12516434546264724,28.144821953540614,31.325549551776,exposed,40 to 64,exposed,bmi,age
650,29.85963299545615,0.07475719318773055,28.909752793311082,30.809513197601216,historical,18 to 39,historical,bmi,age
650,29.423486333265352,0.0551221303919722,28.723093259010835,30.12387940751987,historical,65 plus,historical,bmi,age
650,29.606192968837156,0.06523719611917005,28.777275798533,30.43511013914131,historical,40 to 64,historical,bmi,age
650,29.701880661140816,0.07060339705056272,28.804779443146934,30.598981879134698,unexposed,18 to 39,unexposed,bmi,age
650,29.08630125069694,0.049703959229977245,28.45475256852237,29.717849932871513,unexposed,65 plus,unexposed,bmi,age
650,29.44422462956397,0.051509570146059384,28.789733485415788,30.09871577371215,unexposed,40 to 64,unexposed,bmi,age
650,29.929700851559275,0.1331048120058392,28.238443858843038,31.620957844275512,exposed,18 to 39,exposed,bmi,age
650,29.311554982058105,0.1124350819986059,27.88293181065523,30.74017815346098,exposed,65 plus,exposed,bmi,age
650,29.73181404873361,0.13735082916306876,27.986606292704305,31.477021804762916,exposed,40 to 64,exposed,bmi,age
700,29.90586477402401,0.08104765204997232,28.876056713690815,30.935672834357206,historical,18 to 39,historical,bmi,age
700,29.416746521663555,0.06008496984797777,28.653294593208265,30.180198450118844,historical,65 plus,historical,bmi,age
700,29.616392243748066,0.07036527948719921,28.72231659626556,30.510467891230572,historical,40 to 64,historical,bmi,age
700,29.73788478919881,0.07623180448206435,28.76926787404166,30.706501704355958,unexposed,18 to 39,unexposed,bmi,age
700,29.039921363919238,0.05421876783409504,28.351006599276104,29.72883612856237,unexposed,65 plus,unexposed,bmi,age
700,29.421918993415147,0.05534104906132669,28.71874429372724,30.125093693103054,unexposed,40 to 64,unexposed,bmi,age
700,29.958358875351532,0.14496900686235326,28.116352993758557,31.800364756944507,exposed,18 to 39,exposed,bmi,age
700,29.289054268409114,0.12297969636501507,27.726449068002633,30.851659468815594,exposed,65 plus,exposed,bmi,age
700,29.72844234480891,0.14963785841543284,27.8271130794997,31.629771610118123,exposed,40 to 64,exposed,bmi,age
0,29.041551532968512,0.05719110431752699,28.31486965242209,29.768233413514935,historical,NH White,historical,bmi,raceeth
0,29.167532543371927,0.05608304779454056,28.454929855865824,29.88013523087803,historical,NH Black,historical,bmi,raceeth
0,29.371495957608353,0.028544822857942062,29.008799594217503,29.734192320999203,historical,Hispanic,historical,bmi,raceeth
0,29.282269337124802,0.027176752944138002,28.936955950152146,29.627582724097458,unexposed,NH White,unexposed,bmi,raceeth
0,29.37017354870755,0.05225897417725597,28.706160323508872,30.03418677390623,unexposed,NH Black,unexposed,bmi,raceeth
0,29.320970298391263,0.05309869743406441,28.64628737756985,29.995653219212677,unexposed,Hispanic,unexposed,bmi,raceeth
0,29.363144730104786,0.05146161224758996,28.709262948833274,30.017026511376297,exposed,NH White,exposed,bmi,raceeth
0,29.503474552738897,0.050949789843717605,28.856096091719547,30.150853013758248,exposed,NH Black,exposed,bmi,raceeth
0,29.38470137948665,0.023936011204045222,29.08056552056068,29.68883723841262,exposed,Hispanic,exposed,bmi,raceeth
50,29.06102014605201,0.023757934106101275,28.75914697119134,29.36289332091268,historical,NH White,historical,bmi,raceeth
50,29.190077442052363,0.04419283966199739,28.628554173434082,29.751600710670644,historical,NH Black,historical,bmi,raceeth
50,29.36231432067889,0.042666388919482066,28.820186447714697,29.904442193643085,historical,Hispanic,historical,bmi,raceeth
50,29.260342748486153,0.0466145780247137,28.66804837641375,29.852637120558555,unexposed,NH White,unexposed,bmi,raceeth
50,29.353119527766545,0.04662456184883934,28.760698299180753,29.945540756352337,unexposed,NH Black,unexposed,bmi,raceeth
50,29.311361260724286,0.02116063441788289,29.04248990746332,29.580232613985252,unexposed,Hispanic,unexposed,bmi,raceeth
50,29.34774179671584,0.021537140147663388,29.074086484567943,29.62139710886374,exposed,NH White,exposed,bmi,raceeth
50,29.50833276926315,0.038888996972158134,29.01420121175043,30.00246432677587,exposed,NH Black,exposed,bmi,raceeth
50,29.398597950815866,0.035228973198912786,28.950971404705268,29.846224496926464,exposed,Hispanic,exposed,bmi,raceeth
100,29.08048875913551,0.04294981328202388,28.534759638193638,29.62621788007738,historical,NH White,historical,bmi,raceeth
100,29.2126223407328,0.04334990539039831,28.661809567548595,29.763435113917005,historical,NH Black,historical,bmi,raceeth
100,29.353132683749433,0.020960113592550563,29.086809189149008,29.619456178349857,historical,Hispanic,historical,bmi,raceeth
100,29.23841615984751,0.020899828201146626,28.972858663772865,29.503973655922156,unexposed,NH White,unexposed,bmi,raceeth
100,29.336065506825545,0.03753720030033736,28.85911015458666,29.81302085906443,unexposed,NH Black,unexposed,bmi,raceeth
100,29.301752223057314,0.03288542377494873,28.88390329573695,29.719601150377677,unexposed,Hispanic,unexposed,bmi,raceeth
100,29.3323388633269,0.040787256156023584,28.81408763598166,29.85059009067214,exposed,NH White,exposed,bmi,raceeth
100,29.5131909857874,0.041376015690248756,28.987458859259924,30.038923112314876,exposed,NH Black,exposed,bmi,raceeth
100,29.412494522145085,0.023400734409333834,29.115159999763243,29.709829044526927,exposed,Hispanic,exposed,bmi,raceeth
150,29.099957372219013,0.02198414593023572,28.820622313079497,29.37929243135853,historical,NH White,historical,bmi,raceeth
150,29.235167239413233,0.04053478802278829,28.720123923858242,29.750210554968223,historical,NH Black,historical,bmi,raceeth
150,29.343951046819974,0.03662693511684044,28.878561710366814,29.809340383273135,historical,Hispanic,historical,bmi,raceeth
150,29.216489571208864,0.04036905121192748,28.703552141504993,29.729427000912736,unexposed,NH White,unexposed,bmi,raceeth
150,29.319011485884534,0.040891697185687,28.799433209433538,29.83858976233553,unexposed,NH Black,unexposed,bmi,raceeth
150,29.292143185390337,0.02779525995953193,28.938970921649325,29.64531544913135,unexposed,Hispanic,unexposed,bmi,raceeth
150,29.31693592993796,0.02456314243075303,29.004831613248992,29.629040246626925,exposed,NH White,exposed,bmi,raceeth
150,29.518049202311648,0.047057804735184186,28.920123100911468,30.115975303711828,exposed,NH Black,exposed,bmi,raceeth
150,29.426391093474304,0.044959141342284764,28.85513103881662,29.99765114813199,exposed,Hispanic,exposed,bmi,raceeth
200,29.119425985302513,0.04174765327540147,28.588971755530427,29.6498802150746,historical,NH White,historical,bmi,raceeth
200,29.25771213809367,0.04194857530757294,28.724704951844807,29.790719324342533,historical,NH Black,historical,bmi,raceeth
200,29.334769409890516,0.03338072314642034,28.910627107350532,29.7589117124305,historical,Hispanic,historical,bmi,raceeth
200,29.19456298257022,0.02823010273116501,28.835865517544793,29.553260447595644,unexposed,NH White,unexposed,bmi,raceeth
200,29.30195746494353,0.055885107548564995,28.591869846728322,30.01204508315874,unexposed,NH Black,unexposed,bmi,raceeth
200,29.28253414772336,0.055864363769803034,28.572710104208102,29.99235819123862,unexposed,Hispanic,unexposed,bmi,raceeth
200,29.30153299654902,0.04475733503564333,28.73283713414057,29.87022885895747,exposed,NH White,exposed,bmi,raceeth
200,29.522907418835903,0.044436819071883425,28.9582840978842,30.087530739787606,exposed,NH Black,exposed,bmi,raceeth
200,29.440287664803527,0.03965706715802602,28.93639685025742,29.944178479349635,exposed,Hispanic,exposed,bmi,raceeth
250,29.138894598386013,0.03262016055597983,28.724416159834842,29.553373036937185,historical,NH White,historical,bmi,raceeth
250,29.280257036774106,0.06609987759226364,28.44037845905072,30.120135614497492,historical,NH Black,historical,bmi,raceeth
250,29.325587772961057,0.06811784365025984,28.46006850535412,30.191107040567996,historical,Hispanic,historical,bmi,raceeth
250,29.17263639393157,0.04909906060425482,28.54877367754006,29.79649911032308,unexposed,NH White,unexposed,bmi,raceeth
250,29.284903444002527,0.048134962920962886,28.673290750160596,29.896516137844458,unexposed,NH Black,unexposed,bmi,raceeth
250,29.272925110056384,0.0463444427047368,28.68406313266608,29.86178708744669,unexposed,Hispanic,unexposed,bmi,raceeth
250,29.28613006316008,0.03748008123698216,28.809900477434525,29.762359648885635,exposed,NH White,exposed,bmi,raceeth
250,29.527765635360154,0.07715298246009296,28.54744404421572,30.50808722650459,exposed,NH Black,exposed,bmi,raceeth
250,29.454184236132747,0.08111081828402822,28.423573572697222,30.48479489956827,exposed,Hispanic,exposed,bmi,raceeth
300,29.15836321146951,0.054455143854235874,28.466445004719745,29.850281418219275,historical,NH White,historical,bmi,raceeth
300,29.302801935454546,0.052789338590861545,28.63204979143181,29.97355407947728,historical,NH Black,historical,bmi,raceeth
300,29.316406136031596,0.05328832761390909,28.639313735320915,29.993498536742276,historical,Hispanic,historical,bmi,raceeth
300,29.150709805292927,0.042649543311866454,28.608795976068002,29.69262363451785,unexposed,NH White,unexposed,bmi,raceeth
300,29.267849423061527,0.08873168487096472,28.140406468505315,30.39529237761774,unexposed,NH Black,unexposed,bmi,raceeth
300,29.26331607238941,0.09453887981584654,28.06208570992065,30.46454643485817,unexposed,Hispanic,unexposed,bmi,raceeth
300,29.270727129771135,0.0605570298098291,28.501277110792813,30.040177148749457,exposed,NH White,exposed,bmi,raceeth
300,29.53262385188441,0.05817086667397832,28.79349291024412,30.2717547935247,exposed,NH Black,exposed,bmi,raceeth
300,29.468080807461963,0.06040031826406378,28.700621997468655,30.23553961745527,exposed,Hispanic,exposed,bmi,raceeth
350,29.177831824553014,0.04802870017227065,28.567569326951794,29.788094322154233,historical,NH White,historical,bmi,raceeth
350,29.325346834134983,0.10065476347580662,28.046406801740144,30.604286866529822,historical,NH Black,historical,bmi,raceeth
350,29.307224499102137,0.10824022120243716,27.931902087815132,30.682546910389142,historical,Hispanic,historical,bmi,raceeth
350,29.12878321665428,0.06720186942213224,28.27490250512299,29.98266392818557,unexposed,NH White,unexposed,bmi,raceeth
350,29.25079540212052,0.06409665387230355,28.436370195115305,30.065220609125735,unexposed,NH Black,unexposed,bmi,raceeth
350,29.253707034722435,0.06762739924876096,28.394419454092652,30.112994615352218,unexposed,Hispanic,unexposed,bmi,raceeth
350,29.255324196382194,0.05355440202366253,28.57485099974613,29.93579739301826,exposed,NH White,exposed,bmi,raceeth
350,29.53748206840866,0.11281308095020975,28.104055964936645,30.970908171880676,exposed,NH Black,exposed,bmi,raceeth
350,29.481977378791182,0.12212289674773122,27.930258849739786,31.033695907842578,exposed,Hispanic,exposed,bmi,raceeth
400,29.197300437636514,0.07424402249008245,28.25394068744037,30.14066018783266,historical,NH White,historical,bmi,raceeth
400,29.347891732815416,0.0704294554354426,28.453000652595392,30.24278281303544,historical,NH Black,historical,bmi,raceeth
400,29.29804286217268,0.07493627898515283,28.345887159220222,30.250198565125135,historical,Hispanic,historical,bmi,raceeth
400,29.106856628015635,0.05918561778281424,28.354832051030215,29.858881205001055,unexposed,NH White,unexposed,bmi,raceeth
400,29.233741381179517,0.1251380892029449,27.643711199473206,30.823771562885828,unexposed,NH Black,unexposed,bmi,raceeth
400,29.244097997055462,0.13613144041384612,27.514384044126768,30.973811949984157,unexposed,Hispanic,unexposed,bmi,raceeth
400,29.239921262993253,0.08158066391262209,28.203340644806417,30.27650188118009,exposed,NH White,exposed,bmi,raceeth
400,29.54234028493291,0.07706900281905228,28.563085756301206,30.52159481356461,exposed,NH Black,exposed,bmi,raceeth
400,29.4958739501204,0.08230516863094453,28.450087626650237,30.541660273590566,exposed,Hispanic,exposed,bmi,raceeth
450,29.216769050720014,0.06489488553731936,28.392201348752213,30.041336752687815,historical,NH White,historical,bmi,raceeth
450,29.370436631495853,0.13758499852101397,27.62225347166156,31.118619791330147,historical,NH Black,historical,bmi,raceeth
450,29.28886122524322,0.15023064588567508,27.379999880972072,31.19772256951437,historical,Hispanic,historical,bmi,raceeth
450,29.084930039376985,0.08913910926511608,27.952310267054173,30.217549811699797,unexposed,NH White,unexposed,bmi,raceeth
450,29.21668736023851,0.08394254014143346,28.150096259126894,30.283278461350125,unexposed,NH Black,unexposed,bmi,raceeth
450,29.234488959388482,0.08971928307133313,28.094497379901313,30.374480538875652,unexposed,Hispanic,unexposed,bmi,raceeth
450,29.22451832960431,0.07066328909566345,28.32665611102331,30.122380548185312,exposed,NH White,exposed,bmi,raceeth
450,29.54719850145716,0.15012349109805645,27.639698687855955,31.454698315058366,exposed,NH Black,exposed,bmi,raceeth
450,29.50977052144962,0.1643971885169958,27.420906186101163,31.59863485679808,exposed,Hispanic,exposed,bmi,raceeth
500,29.236237663803514,NA,NA,NA,historical,NH White,historical,bmi,raceeth
500,29.39298153017629,NA,NA,NA,historical,NH Black,historical,bmi,raceeth
500,29.279679588313762,NA,NA,NA,historical,Hispanic,historical,bmi,raceeth
500,29.06300345073834,NA,NA,NA,unexposed,NH White,unexposed,bmi,raceeth
500,29.199633339297506,NA,NA,NA,unexposed,NH Black,unexposed,bmi,raceeth
500,29.22487992172151,NA,NA,NA,unexposed,Hispanic,unexposed,bmi,raceeth
500,29.20911539621537,NA,NA,NA,exposed,NH White,exposed,bmi,raceeth
500,29.55205671798141,NA,NA,NA,exposed,NH Black,exposed,bmi,raceeth
500,29.52366709277884,NA,NA,NA,exposed,Hispanic,exposed,bmi,raceeth
550,29.255706276887015,NA,NA,NA,historical,NH White,historical,bmi,raceeth
550,29.415526428856726,NA,NA,NA,historical,NH Black,historical,bmi,raceeth
550,29.2704979513843,NA,NA,NA,historical,Hispanic,historical,bmi,raceeth
550,29.041076862099697,NA,NA,NA,unexposed,NH White,unexposed,bmi,raceeth
550,29.182579318356503,NA,NA,NA,unexposed,NH Black,unexposed,bmi,raceeth
550,29.215270884054533,NA,NA,NA,unexposed,Hispanic,unexposed,bmi,raceeth
550,29.193712462826426,NA,NA,NA,exposed,NH White,exposed,bmi,raceeth
550,29.556914934505663,NA,NA,NA,exposed,NH Black,exposed,bmi,raceeth
550,29.537563664108056,NA,NA,NA,exposed,Hispanic,exposed,bmi,raceeth
600,29.275174889970515,NA,NA,NA,historical,NH White,historical,bmi,raceeth
600,29.438071327537163,NA,NA,NA,historical,NH Black,historical,bmi,raceeth
600,29.26131631445484,NA,NA,NA,historical,Hispanic,historical,bmi,raceeth
600,29.01915027346105,NA,NA,NA,unexposed,NH White,unexposed,bmi,raceeth
600,29.165525297415495,NA,NA,NA,unexposed,NH Black,unexposed,bmi,raceeth
600,29.20566184638756,NA,NA,NA,unexposed,Hispanic,unexposed,bmi,raceeth
600,29.178309529437488,NA,NA,NA,exposed,NH White,exposed,bmi,raceeth
600,29.561773151029918,NA,NA,NA,exposed,NH Black,exposed,bmi,raceeth
600,29.55146023543728,NA,NA,NA,exposed,Hispanic,exposed,bmi,raceeth
650,29.294643503054015,NA,NA,NA,historical,NH White,historical,bmi,raceeth
650,29.460616226217596,NA,NA,NA,historical,NH Black,historical,bmi,raceeth
650,29.252134677525383,NA,NA,NA,historical,Hispanic,historical,bmi,raceeth
650,28.997223684822405,NA,NA,NA,unexposed,NH White,unexposed,bmi,raceeth
650,29.148471276474492,NA,NA,NA,unexposed,NH Black,unexposed,bmi,raceeth
650,29.196052808720584,NA,NA,NA,unexposed,Hispanic,unexposed,bmi,raceeth
650,29.162906596048547,NA,NA,NA,exposed,NH White,exposed,bmi,raceeth
650,29.566631367554166,NA,NA,NA,exposed,NH Black,exposed,bmi,raceeth
650,29.5653568067665,NA,NA,NA,exposed,Hispanic,exposed,bmi,raceeth
700,29.314112116137515,NA,NA,NA,historical,NH White,historical,bmi,raceeth
700,29.483161124898032,NA,NA,NA,historical,NH Black,historical,bmi,raceeth
700,29.242953040595925,NA,NA,NA,historical,Hispanic,historical,bmi,raceeth
700,28.975297096183755,NA,NA,NA,unexposed,NH White,unexposed,bmi,raceeth
700,29.13141725553349,NA,NA,NA,unexposed,NH Black,unexposed,bmi,raceeth
700,29.186443771053607,NA,NA,NA,unexposed,Hispanic,unexposed,bmi,raceeth
700,29.147503662659606,NA,NA,NA,exposed,NH White,exposed,bmi,raceeth
700,29.571489584078417,NA,NA,NA,exposed,NH Black,exposed,bmi,raceeth
700,29.579253378095718,NA,NA,NA,exposed,Hispanic,exposed,bmi,raceeth
0,29.477816585282255,0.02549075598631367,29.153925820840282,29.80170734972423,historical,hospitalization = 0,historical,bmi,hospitalization
0,29.069701802865563,0.10065489796256644,27.79076006165442,30.348643544076705,historical,hospitalization = 1,historical,bmi,hospitalization
0,29.700522648128466,0.015305811878227498,29.506043868750332,29.8950014275066,unexposed,hospitalization = 0,unexposed,bmi,hospitalization
0,29.01556825232976,0.024284996189230586,28.706998118732173,29.32413838592735,unexposed,hospitalization = 1,unexposed,bmi,hospitalization
0,29.742257955280106,0.02586679371595068,29.41358917845684,30.070926732103374,exposed,hospitalization = 0,exposed,bmi,hospitalization
0,29.157877694640973,0.05631466196127641,28.442332070112528,29.87342331916942,exposed,hospitalization = 1,exposed,bmi,hospitalization
50,29.491618151268153,0.023316398711803816,29.195355215525694,29.78788108701061,historical,hospitalization = 0,historical,bmi,hospitalization
50,29.093872560225588,0.0902732495082378,27.946842169774136,30.24090295067704,historical,hospitalization = 1,historical,bmi,hospitalization
50,29.67974435340086,0.013535707581603286,29.50775688162002,29.8517318251817,unexposed,hospitalization = 0,unexposed,bmi,hospitalization
50,29.00760188509523,0.021453460507789266,28.735009823583823,29.280193946606637,unexposed,hospitalization = 1,unexposed,bmi,hospitalization
50,29.741107211952258,0.022399670837936234,29.45649240826252,30.025722015641996,exposed,hospitalization = 0,exposed,bmi,hospitalization
50,29.164150072090305,0.04512760754213446,28.590749451406204,29.737550692774406,exposed,hospitalization = 1,exposed,bmi,hospitalization
100,29.50541971725405,0.021511768259035908,29.232086785517595,29.778752648990505,historical,hospitalization = 0,historical,bmi,hospitalization
100,29.118043317585617,0.0821248759307087,28.074547830077087,30.161538805094146,historical,hospitalization = 1,historical,bmi,hospitalization
100,29.658966058673258,0.012356515972211962,29.501961636904518,29.815970480441997,unexposed,hospitalization = 0,unexposed,bmi,hospitalization
100,28.999635517860696,0.019882880996720306,28.74699956117137,29.25227147455002,unexposed,hospitalization = 1,unexposed,bmi,hospitalization
100,29.73995646862441,0.020212751993146337,29.48312910351797,29.99678383373085,exposed,hospitalization = 0,exposed,bmi,hospitalization
100,29.170422449539636,0.03831555826249722,28.683577121675516,29.657267777403757,exposed,hospitalization = 1,exposed,bmi,hospitalization
150,29.519221283239943,0.0201763181720988,29.262856853723054,29.775585712756833,historical,hospitalization = 0,historical,bmi,hospitalization
150,29.142214074945645,0.0769227891682815,28.16481736689586,30.11961078299543,historical,hospitalization = 1,historical,bmi,hospitalization
150,29.638187763945652,0.011944546829506098,29.48641790644912,29.789957621442184,unexposed,hospitalization = 0,unexposed,bmi,hospitalization
150,28.99166915062617,0.0198744812969382,28.739139922241996,29.244198379010342,unexposed,hospitalization = 1,unexposed,bmi,hospitalization
150,29.738805725296558,0.019736293613776615,29.488032337906656,29.98957911268646,exposed,hospitalization = 0,exposed,bmi,hospitalization
150,29.176694826988964,0.0382894800079937,28.690180854765728,29.6632087992122,exposed,hospitalization = 1,exposed,bmi,hospitalization
200,29.53302284922584,0.019407147470499184,29.28643166012054,29.77961403833114,historical,hospitalization = 0,historical,bmi,hospitalization
200,29.166384832305667,0.0752802784078096,28.209858202259806,30.122911462351528,historical,hospitalization = 1,historical,bmi,hospitalization
200,29.61740946921805,0.012376652039500639,29.46014919445576,29.77466974398034,unexposed,hospitalization = 0,unexposed,bmi,hospitalization
200,28.98370278339163,0.021430098414078554,28.711407565425976,29.255998001357288,unexposed,hospitalization = 1,unexposed,bmi,hospitalization
200,29.737654981968706,0.02108656162265828,29.469724812809247,30.005585151128166,exposed,hospitalization = 0,exposed,bmi,hospitalization
200,29.182967204438288,0.045061156059561014,28.610410929896787,29.75552347897979,exposed,hospitalization = 1,exposed,bmi,hospitalization
250,29.546824415211734,0.019272178068663604,29.30194817495928,29.79170065546419,historical,hospitalization = 0,historical,bmi,hospitalization
250,29.190555589665696,0.07742421919414237,28.206787609046458,30.174323570284933,historical,hospitalization = 1,historical,bmi,hospitalization
250,29.596631174490447,0.013572451407367781,29.42417682813665,29.769085520844246,unexposed,hospitalization = 0,unexposed,bmi,hospitalization
250,28.9757364161571,0.024250593608692802,28.66760340879128,29.283869423522923,unexposed,hospitalization = 1,unexposed,bmi,hospitalization
250,29.736504238640855,0.0239566427010826,29.432106231689513,30.040902245592196,exposed,hospitalization = 0,exposed,bmi,hospitalization
250,29.189239581887623,0.056225906158918385,28.47482170675546,29.903657457019786,exposed,hospitalization = 1,exposed,bmi,hospitalization
300,29.56062598119763,0.019784393816528634,29.30924142278371,29.812010539611553,historical,hospitalization = 0,historical,bmi,hospitalization
300,29.21472634702572,0.08306192687040036,28.159324498429243,30.2701281956222,historical,hospitalization = 1,historical,bmi,hospitalization
300,29.57585287976284,0.015354542111626865,29.380754924062295,29.77095083546339,unexposed,hospitalization = 0,unexposed,bmi,hospitalization
300,28.96777004892257,0.02795570646277774,28.612559119062116,29.322980978783026,unexposed,hospitalization = 1,unexposed,bmi,hospitalization
300,29.735353495313007,0.02788107298747148,29.381090873669965,30.089616116956048,exposed,hospitalization = 0,exposed,bmi,hospitalization
300,29.19551195933695,0.0697037910962145,28.309841318780897,30.081182599893005,exposed,hospitalization = 1,exposed,bmi,hospitalization
350,29.57442754718353,0.020896256757451884,29.308915430603673,29.839939663763385,historical,hospitalization = 0,historical,bmi,hospitalization
350,29.23889710438575,0.09155021709401193,28.075641302347993,30.402152906423506,historical,hospitalization = 1,historical,bmi,hospitalization
350,29.55507458503524,0.01754517296762737,29.332142025176967,29.77800714489351,unexposed,hospitalization = 0,unexposed,bmi,hospitalization
350,28.959803681688037,0.03224189539115451,28.5501315577657,29.369475805610374,unexposed,hospitalization = 1,unexposed,bmi,hospitalization
350,29.734202751985155,0.032479895094385654,29.321506555106414,30.146898948863896,exposed,hospitalization = 0,exposed,bmi,hospitalization
350,29.201784336786282,0.08439375388501066,28.129460021468997,30.274108652103568,exposed,hospitalization = 1,exposed,bmi,hospitalization
400,29.588229113169422,0.022519120117532328,29.302096562477548,29.874361663861297,historical,hospitalization = 0,historical,bmi,hospitalization
400,29.263067861745775,0.10218114004763079,27.96473337612484,30.56140234736671,historical,hospitalization = 1,historical,bmi,hospitalization
400,29.534296290307633,0.020010617937087177,29.280037281901635,29.788555298713632,unexposed,hospitalization = 0,unexposed,bmi,hospitalization
400,28.95183731445351,0.036907264516859675,28.482886055250134,29.420788573656885,unexposed,hospitalization = 1,unexposed,bmi,hospitalization
400,29.733052008657307,0.037505850113496775,29.256494998310934,30.20960901900368,exposed,hospitalization = 0,exposed,bmi,hospitalization
400,29.20805671423561,0.0997617869138711,27.94046302486133,30.47565040360989,exposed,hospitalization = 1,exposed,bmi,hospitalization
450,29.60203067915532,0.02455186167831242,29.290069698016442,29.913991660294197,historical,hospitalization = 0,historical,bmi,hospitalization
450,29.287238619105803,0.11435870360336467,27.834173517757932,30.740303720453674,historical,hospitalization = 1,historical,bmi,hospitalization
450,29.51351799558003,0.022661358536903,29.22557813441028,29.80145785674978,unexposed,hospitalization = 0,unexposed,bmi,hospitalization
450,28.943870947218976,0.04182511913841825,28.412432420331335,29.475309474106616,unexposed,hospitalization = 1,unexposed,bmi,hospitalization
450,29.73190126532946,0.04280875907000907,29.187964408084348,30.27583812257457,exposed,hospitalization = 0,exposed,bmi,hospitalization
450,29.21432909168494,0.11553762934005231,27.746284318557972,30.68237386481191,exposed,hospitalization = 1,exposed,bmi,hospitalization
500,29.615832245141213,0.02690172800179873,29.274013381393473,29.957651108888953,historical,hospitalization = 0,historical,bmi,hospitalization
500,29.311409376465832,0.12764100193584632,27.689576673138497,30.933242079793168,historical,hospitalization = 1,historical,bmi,hospitalization
500,29.492739700852425,0.02543953843932579,29.169499717048566,29.815979684656284,unexposed,hospitalization = 0,unexposed,bmi,hospitalization
500,28.93590457998444,0.04691612802534387,28.33977865186584,29.532030508103045,unexposed,hospitalization = 1,unexposed,bmi,hospitalization
500,29.730750522001607,0.048297481988984564,29.11707282760786,30.344428216395354,exposed,hospitalization = 0,exposed,bmi,hospitalization
500,29.22060146913427,0.1315746734391381,27.548786730321254,30.892416207947285,exposed,hospitalization = 1,exposed,bmi,hospitalization
550,29.62963381112711,0.029493015168055903,29.254889522114688,30.004378100139533,historical,hospitalization = 0,historical,bmi,hospitalization
550,29.335580133825857,0.14171775554766272,27.534885317086097,31.136274950565618,historical,hospitalization = 1,historical,bmi,hospitalization
550,29.47196140612482,0.02830766090703497,29.112278471037826,29.831644341211813,unexposed,hospitalization = 0,unexposed,bmi,hospitalization
550,28.92793821274991,0.052129584766811295,28.265569035891033,29.59030738960879,unexposed,hospitalization = 1,unexposed,bmi,hospitalization
550,29.72959977867376,0.05391529961729506,29.044540943324208,30.41465861402331,exposed,hospitalization = 0,exposed,bmi,hospitalization
550,29.2268738465836,0.14778791161505117,27.34905038407107,31.10469730909613,exposed,hospitalization = 1,exposed,bmi,hospitalization
600,29.643435377113004,0.03226761278018922,29.233436482780313,30.053434271445695,historical,hospitalization = 0,historical,bmi,hospitalization
600,29.359750891185882,0.15637456211508094,27.372823689422,31.346678092949766,historical,hospitalization = 1,historical,bmi,hospitalization
600,29.451183111397217,0.031240963826413812,29.054229028863375,29.84813719393106,unexposed,hospitalization = 0,unexposed,bmi,hospitalization
600,28.919971845515377,0.05743215308650726,28.19022714995889,29.649716541071864,unexposed,hospitalization = 1,unexposed,bmi,hospitalization
600,29.728449035345903,0.05962573397580372,28.970832251904653,30.486065818787154,exposed,hospitalization = 0,exposed,bmi,hospitalization
600,29.233146224032925,0.16412513573577434,27.147738647021715,31.318553801044136,exposed,hospitalization = 1,exposed,bmi,hospitalization
650,29.6572369430989,0.03518217790259614,29.210204987603994,30.10426889859381,historical,hospitalization = 0,historical,bmi,hospitalization
650,29.38392164854591,0.17146273558075342,27.205281025632274,31.562562271459548,historical,hospitalization = 1,historical,bmi,hospitalization
650,29.43040481666961,0.03422269101535985,28.995564298005604,29.86524533533362,unexposed,hospitalization = 0,unexposed,bmi,hospitalization
650,28.912005478280847,0.06280126487154541,28.114039749132253,29.70997120742944,unexposed,hospitalization = 1,unexposed,bmi,hospitalization
650,29.727298292018055,0.06540453061117509,28.89625493539906,30.55834164863705,exposed,hospitalization = 0,exposed,bmi,hospitalization
650,29.239418601482253,0.18055269251069161,26.945279124773812,31.533558078190694,exposed,hospitalization = 1,exposed,bmi,hospitalization
700,29.6710385090848,0.03820469036671095,29.18560189140321,30.156475126766388,historical,hospitalization = 0,historical,bmi,hospitalization
700,29.408092405905936,0.1868778218139415,27.033584541287624,31.78260027052425,historical,hospitalization = 1,historical,bmi,hospitalization
700,29.40962652194201,0.03724121298529578,28.936432045127354,29.882820998756664,unexposed,hospitalization = 0,unexposed,bmi,hospitalization
700,28.904039111046313,0.06822121071853038,28.03720644030695,29.770871781785676,unexposed,hospitalization = 1,unexposed,bmi,hospitalization
700,29.726147548690207,0.07123505422028657,28.82102036537474,30.631274732005675,exposed,hospitalization = 0,exposed,bmi,hospitalization
700,29.245690978931584,0.19704799059432243,26.7419588675883,31.74942309027487,exposed,hospitalization = 1,exposed,bmi,hospitalization
